actor;base
1;Actor_01/01-01-01-01-01-01-01/frame_000014.npz
2;Actor_02/01-01-01-01-01-01-02/frame_000001.npz
3;Actor_03/01-01-01-01-01-01-03/frame_000001.npz
4;Actor_04/01-01-01-01-01-01-04/frame_000001.npz
5;Actor_05/01-01-01-01-01-01-05/frame_000001.npz
6;Actor_06/01-01-01-01-01-01-06/frame_000098.npz
7;Actor_07/01-01-01-01-01-01-07/frame_000007.npz
8;Actor_08/01-01-01-01-01-01-08/frame_000001.npz
9;Actor_09/01-01-01-01-01-01-09/frame_000086.npz
10;Actor_10/01-01-01-01-01-01-10/frame_000010.npz
11;Actor_11/01-01-01-01-01-01-11/frame_000001.npz
12;Actor_12/01-01-01-01-01-01-12/frame_000002.npz
13;Actor_13/01-01-01-01-01-01-13/frame_000001.npz
14;Actor_14/01-01-01-01-01-01-14/frame_000093.npz
15;Actor_15/01-01-01-01-01-01-15/frame_000084.npz
16;Actor_16/01-01-01-01-01-01-16/frame_000001.npz
17;Actor_17/01-01-01-01-01-01-17/frame_000001.npz
18;Actor_18/01-01-01-01-01-01-18/frame_000001.npz
19;Actor_19/01-01-01-01-01-01-19/frame_000100.npz
20;Actor_20/01-01-01-01-01-01-20/frame_000001.npz
21;Actor_21/01-01-01-01-01-01-21/frame_000001.npz
22;Actor_22/01-01-01-01-01-01-22/frame_000001.npz
23;Actor_23/01-01-01-01-01-01-23/frame_000001.npz
24;Actor_24/01-01-01-01-01-01-24/frame_000001.npz
